Wall time,Step,Value
1778926271.6931903,1,0.8525132536888123
1778926327.4900293,2,0.9007936716079712
1778926384.1135275,3,0.9226190447807312
1778926439.7243133,4,0.9431216716766357
1778926495.8821356,5,0.9530423283576965
1778926552.213589,6,0.9589946866035461
1778926608.6254127,7,0.9669312238693237
1778926666.1511781,8,0.9596560597419739
1778926722.4250212,9,0.9682539701461792
1778926779.5405142,10,0.9656084775924683
1778926836.5697434,11,0.9656084775924683
1778926892.1500869,12,0.9609788656234741
1778926947.3589504,13,0.966269850730896
1778927003.4855762,14,0.9669312238693237
1778927060.97767,15,0.9669312238693237
1778927117.9680665,16,0.9682539701461792
1778927174.5223765,17,0.966269850730896
1778927230.2836416,18,0.9669312238693237
1778927285.9399102,19,0.9642857313156128
1778927342.7530315,20,0.9682539701461792
1778927398.3672857,21,0.9675925970077515
1778927454.9293315,22,0.9675925970077515
1778927511.062573,23,0.9656084775924683
1778927566.5031326,24,0.9669312238693237
1778927622.8460877,25,0.9642857313156128
1778927678.198658,26,0.9675925970077515
1778927734.7551363,27,0.9656084775924683
1778927792.0811071,28,0.966269850730896
1778927848.0578954,29,0.9675925970077515
1778927903.525833,30,0.9669312238693237
1778927959.326306,31,0.9689153432846069
1778928013.4675288,32,0.966269850730896
1778928069.5892644,33,0.9649471044540405
1778928125.6129673,34,0.9649471044540405
1778928181.2201755,35,0.9656084775924683
1778928237.0750358,36,0.9649471044540405
1778928291.6052887,37,0.9669312238693237
1778928348.594351,38,0.9649471044540405
1778928404.776116,39,0.9669312238693237
1778928460.2898252,40,0.9649471044540405
